ID,IncidentNo,ConfigurableItem,IncidentUpdate
1,incident number1,configurable item1,incident update1
2,incident number1,configurable item1,incident update1
3,incident number1,configurable item1,incident update1
4,incident number1,configurable item1,incident update1
5,incident number1,configurable item1,incident update1
6,incident number1,configurable item1,incident update1
7,asas,ASAs,asas
8,aassaas,ASAsas,asasas
9,aasas,asasas,asasa
10,aasas,asasas,asasa
11,aasas,asasas,asasa
12,aasas,asasas,asasa
13,aasas,asasas,asasa
14,aasas,asasas,asasa
15,aasas,asasas,asasa
16,aasas,asasas,asasa
17,aasas,asasas,asasa
18,aasas,asasas,asasa
19,aasas,asasas,asasa
20,aasas,asasas,asasa
21,aasas,asasas,asasa
